{
    "name": "ds_file_noHeaders",
    "properties": {
        "linkedServiceName": {
            "referenceName": "AzBloblStorage",
            "type": "LinkedServiceReference"
        },
        "parameters": {
            "container": {
                "type": "string"
            },
            "fileName": {
                "type": "string"
            },
            "filePath": {
                "type": "string"
            },
            "sheetName": {
                "type": "string"
            },
            "rangeStart": {
                "type": "String"
            }
        },
        "folder": {
            "name": "FOS"
        },
        "annotations": [],
        "type": "Excel",
        "typeProperties": {
            "sheetName": {
                "value": "@dataset().sheetName",
                "type": "Expression"
            },
            "location": {
                "type": "AzureBlobStorageLocation",
                "fileName": {
                    "value": "@dataset().fileName",
                    "type": "Expression"
                },
                "folderPath": {
                    "value": "@dataset().filePath",
                    "type": "Expression"
                },
                "container": {
                    "value": "@dataset().container",
                    "type": "Expression"
                }
            },
            "range": {
                "value": "@dataset().rangeStart",
                "type": "Expression"
            },
            "firstRowAsHeader": false
        },
        "schema": []
    }
}