{
    "name": "ds_StageFOS",
    "properties": {
        "linkedServiceName": {
            "referenceName": "SQL_ORTLC",
            "type": "LinkedServiceReference"
        },
        "parameters": {
            "schema": {
                "type": "string"
            },
            "tableName": {
                "type": "string"
            }
        },
        "folder": {
            "name": "FOS"
        },
        "annotations": [],
        "type": "AzureSqlTable",
        "schema": [
            {
                "name": "Corporate ID",
                "type": "nvarchar"
            },
            {
                "name": "Parent Contract Ref No",
                "type": "nvarchar"
            },
            {
                "name": "Contract Ref No",
                "type": "nvarchar"
            },
            {
                "name": "CP Name",
                "type": "nvarchar"
            },
            {
                "name": "Trader",
                "type": "nvarchar"
            },
            {
                "name": "Date",
                "type": "datetime",
                "precision": 23,
                "scale": 3
            },
            {
                "name": "Creation Date",
                "type": "datetime",
                "precision": 23,
                "scale": 3
            },
            {
                "name": "Position Status",
                "type": "nvarchar"
            },
            {
                "name": "Quantity Original",
                "type": "float",
                "precision": 15
            },
            {
                "name": "Quantity Global",
                "type": "nvarchar"
            },
            {
                "name": "Original UoM",
                "type": "nvarchar"
            },
            {
                "name": "Global UoM",
                "type": "nvarchar"
            },
            {
                "name": "Price",
                "type": "nvarchar"
            },
            {
                "name": "#Breaches",
                "type": "nvarchar"
            },
            {
                "name": "#Trade Capture",
                "type": "nvarchar"
            },
            {
                "name": "#No of Days Delays",
                "type": "nvarchar"
            },
            {
                "name": "Notional Value",
                "type": "nvarchar"
            }
        ],
        "typeProperties": {
            "schema": {
                "value": "@dataset().schema",
                "type": "Expression"
            },
            "table": {
                "value": "@dataset().tableName",
                "type": "Expression"
            }
        }
    },
    "type": "Microsoft.DataFactory/factories/datasets"
}