{
    "name": "UAT_ORTLC_FOS",
    "properties": {
        "description": "ORTLC = Operational Risk Trade Life Cycle \nFOS = Front Office System",
        "activities": [
            {
                "name": "cp_copyFosFileContent",
                "type": "Copy",
                "dependsOn": [
                    {
                        "activity": "lkp_fetchFOSconfig",
                        "dependencyConditions": [
                            "Succeeded"
                        ]
                    }
                ],
                "policy": {
                    "timeout": "0.00:05:00",
                    "retry": 0,
                    "retryIntervalInSeconds": 30,
                    "secureOutput": false,
                    "secureInput": false
                },
                "userProperties": [],
                "typeProperties": {
                    "source": {
                        "type": "ExcelSource",
                        "additionalColumns": [
                            {
                                "name": "frontOfficeSystem",
                                "value": {
                                    "value": "@pipeline().parameters.frontOfficeSystem",
                                    "type": "Expression"
                                }
                            },
                            {
                                "name": "platform",
                                "value": {
                                    "value": "@pipeline().parameters.platform",
                                    "type": "Expression"
                                }
                            },
                            {
                                "name": "legalEntity",
                                "value": {
                                    "value": "@pipeline().parameters.legalEntity",
                                    "type": "Expression"
                                }
                            },
                            {
                                "name": "report",
                                "value": {
                                    "value": "@pipeline().parameters.report",
                                    "type": "Expression"
                                }
                            },
                            {
                                "name": "frequency",
                                "value": {
                                    "value": "@pipeline().parameters.frequency",
                                    "type": "Expression"
                                }
                            },
                            {
                                "name": "createdOn",
                                "value": {
                                    "value": "@pipeline().parameters.createdOn",
                                    "type": "Expression"
                                }
                            },
                            {
                                "name": "version",
                                "value": {
                                    "value": "@pipeline().parameters.version",
                                    "type": "Expression"
                                }
                            },
                            {
                                "name": "pipelineRunId",
                                "value": {
                                    "value": "@pipeline().RunId",
                                    "type": "Expression"
                                }
                            },
                            {
                                "name": "entityCode",
                                "value": {
                                    "value": "@activity('lkp_fetchFOSConfig').output.firstRow.entityCode",
                                    "type": "Expression"
                                }
                            },
                            {
                                "name": "fileName",
                                "value": {
                                    "value": "@pipeline().parameters.fileName",
                                    "type": "Expression"
                                }
                            }
                        ],
                        "storeSettings": {
                            "type": "AzureBlobStorageReadSettings",
                            "recursive": true,
                            "enablePartitionDiscovery": false
                        }
                    },
                    "sink": {
                        "type": "AzureSqlSink"
                    },
                    "enableStaging": false,
                    "translator": {
                        "value": "@json(activity('lkp_fetchFOSconfig').output.firstRow.jsonColumnsMapping)",
                        "type": "Expression"
                    }
                },
                "inputs": [
                    {
                        "referenceName": "ds_file_rangeStart",
                        "type": "DatasetReference",
                        "parameters": {
                            "container": {
                                "value": "@pipeline().parameters.container",
                                "type": "Expression"
                            },
                            "fileName": {
                                "value": "@pipeline().parameters.fileName",
                                "type": "Expression"
                            },
                            "filePath": {
                                "value": "@pipeline().parameters.filePath",
                                "type": "Expression"
                            },
                            "sheetName": {
                                "value": "@activity('lkp_fetchFOSconfig').output.firstRow.sheetName",
                                "type": "Expression"
                            },
                            "rangeStart": {
                                "value": "@activity('lkp_fetchFOSconfig').output.firstRow.range",
                                "type": "Expression"
                            }
                        }
                    }
                ],
                "outputs": [
                    {
                        "referenceName": "ds_StageFOS",
                        "type": "DatasetReference",
                        "parameters": {
                            "schema": {
                                "value": "tlc",
                                "type": "Expression"
                            },
                            "tableName": {
                                "value": "Stage_FOS",
                                "type": "Expression"
                            }
                        }
                    }
                ]
            },
            {
                "name": "lkp_fetchFOSconfig",
                "type": "Lookup",
                "dependsOn": [],
                "policy": {
                    "timeout": "0.00:03:00",
                    "retry": 0,
                    "retryIntervalInSeconds": 30,
                    "secureOutput": false,
                    "secureInput": false
                },
                "userProperties": [],
                "typeProperties": {
                    "source": {
                        "type": "AzureSqlSource",
                        "sqlReaderQuery": {
                            "value": "SELECT entityCode, jsonColumnsMapping, sheetName, [range]\nFROM tlc.pipe_entity\nWHERE '@{pipeline().parameters.fileName}' like '%' + fileNameKeyword + '%'",
                            "type": "Expression"
                        },
                        "queryTimeout": "02:00:00",
                        "partitionOption": "None"
                    },
                    "dataset": {
                        "referenceName": "ds_StageFOS",
                        "type": "DatasetReference",
                        "parameters": {
                            "schema": "fos",
                            "tableName": "pipe_entity"
                        }
                    }
                }
            },
            {
                "name": "sp_loadFosDataSources",
                "type": "SqlServerStoredProcedure",
                "dependsOn": [
                    {
                        "activity": "cp_copyFosFileContent",
                        "dependencyConditions": [
                            "Succeeded"
                        ]
                    }
                ],
                "policy": {
                    "timeout": "0.00:05:00",
                    "retry": 0,
                    "retryIntervalInSeconds": 30,
                    "secureOutput": false,
                    "secureInput": false
                },
                "userProperties": [],
                "typeProperties": {
                    "storedProcedureName": "[tlc].[usp_loadFosDataSources]",
                    "storedProcedureParameters": {
                        "ps_enableTroubleshooting": {
                            "value": "1",
                            "type": "String"
                        },
                        "ps_pipelineRunId": {
                            "value": {
                                "value": "@pipeline().RunId",
                                "type": "Expression"
                            },
                            "type": "String"
                        }
                    }
                },
                "linkedServiceName": {
                    "referenceName": "SQL_ORTLC",
                    "type": "LinkedServiceReference"
                }
            },
            {
                "name": "del_deleteFosFile",
                "description": "Delete ingested FOS file",
                "type": "Delete",
                "dependsOn": [
                    {
                        "activity": "sp_loadFosDataSources",
                        "dependencyConditions": [
                            "Completed"
                        ]
                    }
                ],
                "policy": {
                    "timeout": "0.00:05:00",
                    "retry": 0,
                    "retryIntervalInSeconds": 30,
                    "secureOutput": false,
                    "secureInput": false
                },
                "userProperties": [],
                "typeProperties": {
                    "dataset": {
                        "referenceName": "ds_file",
                        "type": "DatasetReference",
                        "parameters": {
                            "container": {
                                "value": "@pipeline().parameters.container",
                                "type": "Expression"
                            },
                            "fileName": {
                                "value": "@pipeline().parameters.fileName",
                                "type": "Expression"
                            },
                            "filePath": {
                                "value": "@pipeline().parameters.filePath",
                                "type": "Expression"
                            },
                            "sheetName": {
                                "value": "notapplicable",
                                "type": "Expression"
                            },
                            "rangeStart": {
                                "value": "notapplicable",
                                "type": "Expression"
                            }
                        }
                    },
                    "enableLogging": false,
                    "storeSettings": {
                        "type": "AzureBlobStorageReadSettings",
                        "recursive": true,
                        "enablePartitionDiscovery": false
                    }
                }
            },
            {
                "name": "cp_copyFosFileContent_withIndex",
                "type": "Copy",
                "dependsOn": [
                    {
                        "activity": "cp_copyFosFileContent",
                        "dependencyConditions": [
                            "Failed"
                        ]
                    }
                ],
                "policy": {
                    "timeout": "0.00:05:00",
                    "retry": 0,
                    "retryIntervalInSeconds": 30,
                    "secureOutput": false,
                    "secureInput": false
                },
                "userProperties": [],
                "typeProperties": {
                    "source": {
                        "type": "ExcelSource",
                        "additionalColumns": [
                            {
                                "name": "frontOfficeSystem",
                                "value": {
                                    "value": "@pipeline().parameters.frontOfficeSystem",
                                    "type": "Expression"
                                }
                            },
                            {
                                "name": "platform",
                                "value": {
                                    "value": "@pipeline().parameters.platform",
                                    "type": "Expression"
                                }
                            },
                            {
                                "name": "legalEntity",
                                "value": {
                                    "value": "@pipeline().parameters.legalEntity",
                                    "type": "Expression"
                                }
                            },
                            {
                                "name": "report",
                                "value": {
                                    "value": "@pipeline().parameters.report",
                                    "type": "Expression"
                                }
                            },
                            {
                                "name": "frequency",
                                "value": {
                                    "value": "@pipeline().parameters.frequency",
                                    "type": "Expression"
                                }
                            },
                            {
                                "name": "createdOn",
                                "value": {
                                    "value": "@pipeline().parameters.createdOn",
                                    "type": "Expression"
                                }
                            },
                            {
                                "name": "version",
                                "value": {
                                    "value": "@pipeline().parameters.version",
                                    "type": "Expression"
                                }
                            },
                            {
                                "name": "pipelineRunId",
                                "value": {
                                    "value": "@pipeline().RunId",
                                    "type": "Expression"
                                }
                            },
                            {
                                "name": "entityCode",
                                "value": {
                                    "value": "@activity('lkp_fetchFOSConfig').output.firstRow.entityCode",
                                    "type": "Expression"
                                }
                            },
                            {
                                "name": "fileName",
                                "value": {
                                    "value": "@pipeline().parameters.fileName",
                                    "type": "Expression"
                                }
                            }
                        ],
                        "storeSettings": {
                            "type": "AzureBlobStorageReadSettings",
                            "recursive": true,
                            "enablePartitionDiscovery": false
                        }
                    },
                    "sink": {
                        "type": "AzureSqlSink"
                    },
                    "enableStaging": false,
                    "translator": {
                        "value": "@json(activity('lkp_fetchFOSconfig').output.firstRow.jsonColumnsMapping)",
                        "type": "Expression"
                    }
                },
                "inputs": [
                    {
                        "referenceName": "ds_file_noHeaders",
                        "type": "DatasetReference",
                        "parameters": {
                            "container": {
                                "value": "@pipeline().parameters.container",
                                "type": "Expression"
                            },
                            "fileName": {
                                "value": "@pipeline().parameters.fileName",
                                "type": "Expression"
                            },
                            "filePath": {
                                "value": "@pipeline().parameters.filePath",
                                "type": "Expression"
                            },
                            "sheetName": {
                                "value": "@activity('lkp_fetchFOSconfig').output.firstRow.sheetName",
                                "type": "Expression"
                            },
                            "rangeStart": {
                                "value": "@activity('lkp_fetchFOSconfig').output.firstRow.range",
                                "type": "Expression"
                            }
                        }
                    }
                ],
                "outputs": [
                    {
                        "referenceName": "ds_StageFOS",
                        "type": "DatasetReference",
                        "parameters": {
                            "schema": {
                                "value": "tlc",
                                "type": "Expression"
                            },
                            "tableName": {
                                "value": "Stage_FOS",
                                "type": "Expression"
                            }
                        }
                    }
                ]
            },
            {
                "name": "sp_loadFosDataSources_withIndex",
                "type": "SqlServerStoredProcedure",
                "dependsOn": [
                    {
                        "activity": "cp_copyFosFileContent_withIndex",
                        "dependencyConditions": [
                            "Succeeded"
                        ]
                    }
                ],
                "policy": {
                    "timeout": "0.00:05:00",
                    "retry": 0,
                    "retryIntervalInSeconds": 30,
                    "secureOutput": false,
                    "secureInput": false
                },
                "userProperties": [],
                "typeProperties": {
                    "storedProcedureName": "[tlc].[usp_loadFosDataSources]",
                    "storedProcedureParameters": {
                        "ps_enableTroubleshooting": {
                            "value": "1",
                            "type": "String"
                        },
                        "ps_pipelineRunId": {
                            "value": {
                                "value": "@pipeline().RunId",
                                "type": "Expression"
                            },
                            "type": "String"
                        }
                    }
                },
                "linkedServiceName": {
                    "referenceName": "SQL_ORTLC",
                    "type": "LinkedServiceReference"
                }
            },
            {
                "name": "del_deleteFosFile_withIndex",
                "description": "Delete ingested FOS file",
                "type": "Delete",
                "dependsOn": [
                    {
                        "activity": "sp_loadFosDataSources_withIndex",
                        "dependencyConditions": [
                            "Completed"
                        ]
                    }
                ],
                "policy": {
                    "timeout": "0.00:05:00",
                    "retry": 0,
                    "retryIntervalInSeconds": 30,
                    "secureOutput": false,
                    "secureInput": false
                },
                "userProperties": [],
                "typeProperties": {
                    "dataset": {
                        "referenceName": "ds_file",
                        "type": "DatasetReference",
                        "parameters": {
                            "container": {
                                "value": "@pipeline().parameters.container",
                                "type": "Expression"
                            },
                            "fileName": {
                                "value": "@pipeline().parameters.fileName",
                                "type": "Expression"
                            },
                            "filePath": {
                                "value": "@pipeline().parameters.filePath",
                                "type": "Expression"
                            },
                            "sheetName": {
                                "value": "notapplicable",
                                "type": "Expression"
                            },
                            "rangeStart": {
                                "value": "notapplicable",
                                "type": "Expression"
                            }
                        }
                    },
                    "enableLogging": false,
                    "storeSettings": {
                        "type": "AzureBlobStorageReadSettings",
                        "recursive": true,
                        "enablePartitionDiscovery": false
                    }
                }
            }
        ],
        "parameters": {
            "fileName": {
                "type": "string"
            },
            "container": {
                "type": "string"
            },
            "filePath": {
                "type": "string"
            },
            "frontOfficeSystem": {
                "type": "string"
            },
            "platform": {
                "type": "string"
            },
            "legalEntity": {
                "type": "string"
            },
            "report": {
                "type": "string"
            },
            "frequency": {
                "type": "string"
            },
            "createdOn": {
                "type": "string"
            },
            "version": {
                "type": "string"
            }
        },
        "folder": {
            "name": "FOS"
        },
        "annotations": [],
        "lastPublishTime": "2021-11-12T11:26:22Z"
    },
    "type": "Microsoft.DataFactory/factories/pipelines"
}