{
    "now": "2022-03-08T08:42:40.530Z",
    "perfNow": 537461,
    "diagnosticCorrelation": "573062ca-aeeb-4b76-9ce0-9ab8c35804ae",
    "source": "DownloadSupportFiles",
    "environment": {
        "productName": "adf",
        "buildVersion": "1.0.022522.14",
        "environmentType": 3,
        "resourceName": "EUWE01UATTLCMS01",
        "resourceRegion": "westeurope",
        "resourceGroup": "CI-EUWE01-PAAS-TLCMASTERSYSTEM-02",
        "subscriptionId": "2093aaa9-e105-41e9-b930-c42909c8f115",
        "sessionId": "hWyXP",
        "operationId": "QuKlp",
        "gitType": "VSTS"
    },
    "additionalInfo": {
        "selectedResource": "UAT_ORTLC_FOS",
        "selectedResourceType": "pipeline"
    }
}